{"m_projector2camera": [[0.575053172935234, 0.00036638508651603066, 398.15571877583375], [0.0020176341660581324, 0.4339580478293912, 296.01270722007524], [5.870735437124861e-07, -7.386716701360478e-06, 0.9897313503672357]], "m_camera2screen": [[1.8736498502734646, -0.11249657486113958, -369.721932877254], [0.015937201481465994, 2.079804793331316, -650.2617262460359], [3.9231628371560505e-05, -9.955778855901555e-05, 1.0]], "l_circle_projector": [[214, 312], [240, 795], [1264, 300], [1230, 804]], "l_circle_camera": [[216, 311], [245, 794], [1260, 303], [1238, 806]], "l_circle_screen": [[0, 0], [0, 1080], [1920, 0], [1920, 1080]]}