{"m_projector2camera": [[0.5912659203319164, 0.0005621022771389701, 400.5094283029148], [0.0033807820180415584, 0.4471454875795287, 299.26004600044746], [2.990984156703223e-06, -9.984232814187184e-07, 1.0038695440494942]], "m_camera2screen": [[1.8321546499853623, -0.047164377128336064, -209.2393170863481], [0.024336235040759394, 2.088860174331845, -554.403770463539], [-8.40300053708005e-06, -2.840769478057382e-05, 1.0]], "l_circle_projector": [[122, 266], [134, 769], [1150, 249], [1146, 751]], "l_circle_camera": [[121, 264], [134, 769], [1151, 252], [1149, 753]], "l_circle_screen": [[0, 0], [0, 1080], [1920, 0], [1920, 1080]]}