{"m_projector2camera": [[0.5877851447151612, -0.0007455852619189179, 401.6963103849521], [0.0017574754919489938, 0.4448753425003158, 301.2722327887139], [9.133934705008967e-07, -1.8639631547973392e-06, 1.0042407759623797]], "m_camera2screen": [[1.8216740393836774, -0.050302636195998965, -205.42159404268955], [0.020145064588873822, 2.076956159112894, -546.5799214382431], [-1.2135621438078761e-05, -3.003531437051432e-05, 1.0]], "l_circle_projector": [[120, 262], [134, 769], [1150, 249], [1146, 751]], "l_circle_camera": [[120, 262], [134, 769], [1151, 252], [1149, 753]], "l_circle_screen": [[0, 0], [0, 1080], [1920, 0], [1920, 1080]]}