{"m_projector2camera": [[0.5787637229835644, 0.0015458520192988957, 398.71916023444123], [-0.0015284337815645432, 0.4404753531521039, 301.92376237456335], [-3.3329436155264554e-06, 1.0432258613706577e-06, 0.9997704007078633]], "m_camera2screen": [[2.0094363360245615, -0.021286401864667064, -367.4458689878811], [-0.013949721972077889, 2.24823019116656, -451.56180005081075], [1.5895669359335957e-05, -3.0452370771210886e-05, 1.0]], "l_circle_projector": [[186, 200], [190, 677], [1152, 207], [1143, 688]], "l_circle_camera": [[185, 202], [190, 674], [1152, 208], [1143, 687]], "l_circle_screen": [[0, 0], [0, 1080], [1920, 0], [1920, 1080]]}