{
    "HitSpeed": 4.9419544826471755,
    "HitDirection": {
        "x": 0.06388014911301393,
        "y": 0,
        "z": -0.9638159776952832
    }
}