{
    "HitSpeed": 3.7048950402474503,
    "HitDirection": {
        "x": 0.9163813557492289,
        "y": 0,
        "z": -0.4003063425684082
    }
}