{
    "HitSpeed": 4.5553647617952935,
    "HitDirection": {
        "x": -0.9735688583369911,
        "y": 0,
        "z": -0.009771294048746037
    }
}