{
    "HitSpeed": 3.2840567613864,
    "HitDirection": {
        "x": 0.9238872237515339,
        "y": 0,
        "z": -0.3806805300769541
    }
}