{
    "HitSpeed": 5.48105514700377,
    "HitDirection": {
        "x": -0.6175046996576501,
        "y": 0,
        "z": 0.7340487246199248
    }
}