{
    "HitSpeed": 5.9068302415325284,
    "HitDirection": {
        "x": -0.990380399443359,
        "y": 0,
        "z": 0.11776524265256132
    }
}