{
    "Position": {
        "x": -0.9527777777777775,
        "y": 5.548624,
        "z": 4.785
    }
}