{
    "Position": {
        "x": 2.896663577386469,
        "y": 5.548624,
        "z": 0.4764981761334033
    }
}