{
    "Position": {
        "x": -3.2145505097312324,
        "y": 5.548624,
        "z": 5.519124544033351
    }
}