{
    "Position": {
        "x": 0.1166666666666667,
        "y": 5.548624,
        "z": 5.2125
    }
}