{
    "Position": {
        "x": 0.34351851851851833,
        "y": 5.548624,
        "z": 6.015000000000001
    }
}