{
    "Position": {
        "x": 0.6854166666666668,
        "y": 5.548624,
        "z": 5.45625
    }
}