{
    "Position": {
        "x": 1.3092592592592593,
        "y": 5.548624,
        "z": -3.675
    }
}